subject,body,industry,target_role,email_length,paragraph_count,has_ps,tone,purpose,unique_id,word_count,sentence_count,readability_score
Saw your work in FinTech,"Hey there Lori,

Your team's approach to remote team coordination is quite innovative.

I understand that managing declining response rates can be time-consuming and frustrating.

Our clients typically achieve 42% better results on engagement.

Would a 15-minute strategy session be helpful?

Could we schedule 30 minutes next week to discuss?

Talk soon,
Lori Silva
TrueInc

Ref: c0d1d3de5d41de77",FinTech,Founder,397,7,False,direct,networking,0ba0d7dbe83c6be9,57,5,11.4
Helping Manufacturing companies with low email deliverability,"Hello Jose,

Your recent post about team productivity caught my attention.

I understand that managing poor sender reputation can be time-consuming and frustrating.

Specifically, we've helped companies reduce poor sender reputation by 75% while improving increase reply rates.

I can schedule a personalized demo at your convenience.

Even if now isn't good, I'm happy to connect for future reference.

Cheers,
Jose Flynn PhD
ClearSystems

Ref: 2f411e5c0dd18527",Manufacturing,Product Manager,462,7,False,casual,follow_up,c1042e68e83b76b8,66,5,13.2
Following up on our recent interaction,"Hello Shannon,

I've been following your company's growth in SaaS.

The average customer saves half a day per week while improving campaign performance.

Our clients typically achieve 81% better results on engagement.

I'm available for a quick chat to explore if this makes sense for you.

Would Tuesday or Tuesday work for a brief introduction?

Best,
Shannon Howard
TrueGroup

Ref: 3667f70f803a1cae",AI/ML,Content Strategist,401,7,False,consultative,follow_up,9396abfa8f07a1bc,61,5,12.2
An idea for your Operations Manager team,"Trust you're doing well Stacy,

Your team's approach to scaling operations is quite innovative.

We've developed a unique approach to addressing time-consuming manual processes that's helped companies achieve better inbox placement.

Our clients typically achieve 62% better results on deliverability.

I'd be happy to offer a free consultation to discuss your specific needs.

Would Tuesday or Tuesday work for a brief introduction?

Respectfully,
Stacy Armstrong
SwiftInc

Ref: 989604afcc0b1b54",Manufacturing,Operations Manager,496,7,False,direct,partnership,c02c67a59e73d7d7,68,5,13.6
Way to improve streamline workflows,"Hope all is well Ashley,

Your colleague Katie suggested I reach out.

We help Clean Energy companies achieve automate repetitive tasks while reducing inconsistent engagement by 39%.

Our clients typically achieve 67% better results on engagement.

I can schedule a personalized demo at your convenience.

Even if now isn't good, I'm happy to connect for future reference.

Talk soon,
Ashley Potts
CloudLabs

Ref: 5b75d4e050e7cd84",Professional Services,Marketing Director,430,7,False,formal,cold_outreach,5e9a3863d49ec5cb,64,5,12.8
Simplifying communication for Founders,"Hey there Nicholas,

I was really impressed by your recent content strategy.

Our platform specializes in helping companies solve domain authentication problems through predictive analytics.

The average customer saves 9 hours per week and sees 56% improvement in key metrics.

Would you be open to a brief walkthrough next week?

Would you be available for a quick chat sometime soon?

Warm regards,
Nicholas Kim
TrueSolutions

Ref: b591edec53a55b4c",Clean Energy,Founder,450,7,False,casual,cold_outreach,5ea884504ce418ef,67,5,13.4
Way to improve scale outreach efforts,"Hey there Wyatt,

I was really impressed by your recent content strategy.

We help growth-stage businesses achieve scale outreach efforts while reducing poor sender reputation by 70%.

The average customer saves 11 hours per week and sees 43% improvement in key metrics.

I can provide a detailed ROI analysis based on your current situation.

No pressure either way - just thought it might be relevant given your work.

All the best,
Wyatt Gross
SmartInc

Ref: 2e7f4a8a2353ed7d",Professional Services,VP of Sales,478,7,False,direct,cold_outreach,768820fca6e442cd,76,5,15.2
Helping SaaS companies with spam folder issues,"Hey there Jerry,

I was really impressed by your recent rebranding initiative.

I understand that managing poor sender reputation can be time-consuming and frustrating.

Specifically, we've helped companies reduce poor sender reputation by 56% while improving save team time.

I can schedule a personalized demo at your convenience.

Are you open to exploring this further next week?

Talk soon,
Jerry Cummings
DataSolutions

Ref: c66b1e97048883ab",SaaS,Partnerships Manager,447,7,False,formal,networking,e59674a73fd261e8,64,5,12.8
An approach that's working for other CEOs,"Hey there Nathaniel,

Our solution has helped companies like yours overcome poor sender reputation.

The average customer saves 5-10 hours per week while improving campaign performance.

Specifically, we've helped companies reduce poor sender reputation by 65% while improving automate repetitive tasks.

Would a 20-minute strategy session be helpful?

No pressure either way - just thought it might be relevant given your work.

All the best,
Nathaniel Lynn
TrueLabs

Ref: 84246af40cdebdd9",Manufacturing,CEO,490,7,False,casual,cold_outreach,7765f093f48e2e27,70,5,14.0
Way to improve gain better insights,"Trust you're doing well Jennifer,

I'm reaching out because I believe we can help with team collaboration challenges.

Many Professional Services companies struggle with team collaboration challenges, which often leads to frustrated teams.

Specifically, we've helped companies reduce team collaboration challenges by 56% while improving expand market reach.

I'm happy to share a case study from a similar company in your industry.

No pressure either way - just thought it might be relevant given your work.

Talk soon,
Jennifer Washington
SmartGroup

Ref: e6abf517391f038b",SaaS,CEO,575,7,False,formal,cold_outreach,9c62f1699164d3b3,83,5,16.6
Way to improve increase reply rates,"Hello Jason,

Your colleague Andrea suggested I reach out.

Teams in your position often tell us that poor sender reputation is their biggest challenge.

Our clients typically achieve 75% better results on engagement.

I'd be happy to offer a free consultation to discuss your specific needs.

Are you open to exploring this further this week?

Sincerely,
Jason Robinson
NextPartners

Ref: de7e903826164d4e",Consulting,CEO,406,7,False,direct,partnership,8835ea3960e6c4e4,61,5,12.2
An idea for your CEO team,"Hey there Anthony,

We met briefly at TechCrunch Disrupt and I wanted to follow up.

We've developed a unique approach to addressing time-consuming manual processes that's helped companies achieve increased response rates.

Specifically, we've helped companies reduce time-consuming manual processes by 80% while improving gain better insights.

I can provide a detailed ROI analysis based on your current situation.

Are you open to exploring this further this week?

Cheers,
Anthony Simmons
ClearSystems

Ref: 9da9f92400284a3c",AI/ML,CEO,528,7,False,formal,networking,42fb2ceb890507aa,74,5,14.8
Quick question about Clean Energy,"Good afternoon Jesus,

I've been following your company's growth in Healthcare Tech.

We help Healthcare Tech companies achieve build better sender reputation while reducing domain authentication problems by 66%.

Our clients typically achieve 60% better results on response rates.

I'd love to show you how it works in a quick 20-minute demo.

Are you open to exploring this further sometime soon?

All the best,
Jesus Holden
NextLabs

P.S. I'm also happy to share our best practices guide if you're interested.

Ref: e9eb66143352b48e",Clean Energy,Digital Marketing Manager,535,8,True,casual,partnership,f57d50410a20b8e6,82,8,10.25
Quick question about Consulting,"Hi Casey,

Your recent post about team productivity caught my attention.

Teams in your position often tell us that declining response rates is their biggest challenge.

Specifically, we've helped companies reduce declining response rates by 73% while improving build better sender reputation.

I'm available for a quick chat to explore if this makes sense for you.

Are you open to exploring this further sometime soon?

Best regards,
Casey Bell
SwiftInc

P.S. I'm also happy to share our industry report if you're interested.

Ref: 8d72b265415d5f63",Consulting,Founder,550,8,True,consultative,follow_up,eaa00b000335e98e,84,8,10.5
An approach that's working for other Head of Business Developments,"Trust you're doing well Margaret,

I noticed your team is facing challenges with limited analytics insights.

Teams in your position often tell us that limited analytics insights is their biggest challenge.

Specifically, we've helped companies reduce limited analytics insights by 37% while improving improve email performance.

I'm available for a quick chat to explore if this makes sense for you.

Could we schedule 30 minutes this week to discuss?

Talk soon,
Margaret Rodriguez
DataSystems

Ref: 522d1a61be9a9107",Manufacturing,Head of Business Development,518,7,False,direct,cold_outreach,618b7409b35eeba3,76,5,15.2
Saw your work in Consulting,"Hi Eugene,

I came across your profile and was impressed by your work in Real Estate Tech.

Our solution helps teams like yours overcome compliance concerns by providing automated warmup cycles.

Specifically, we've helped companies reduce compliance concerns by 60% while improving enhance team collaboration.

Would you be open to a brief walkthrough next week?

If it's not the right time, I completely understand.

Cheers,
Eugene Mosley
ClearPartners

Ref: 072e8586d1011d63",Consulting,CTO,477,7,False,consultative,cold_outreach,bb9b4a9fe6b2e474,70,5,14.0
An approach that's working for other Founders,"Hey Crystal,

I'm reaching out because I believe we can help with high bounce rates.

I understand that managing high bounce rates can be time-consuming and frustrating.

Our clients typically achieve 86% better results on deliverability.

I can provide a detailed ROI analysis based on your current situation.

If it's not the right time, I completely understand.

Cheers,
Crystal Hunt
NextLabs

P.S. I'm also happy to share our case study if you're interested.

Ref: 05e92a47c89bf394",Biotech,Founder,485,8,True,formal,networking,204a68e216191bc1,75,8,9.375
Helping Cybersecurity companies with high bounce rates,"Hope you're having a great week Linda,

Your recent post about growth strategies caught my attention.

The average customer saves 5-10 hours per week while improving deliverability rates.

Our clients typically achieve 47% better results on engagement.

I'm available for a quick chat to explore if this makes sense for you.

No pressure either way - just thought it might be relevant given your work.

Best,
Linda Hayes
SmartSystems

Ref: 4e4227e81e3443c6",Cybersecurity,Founder,456,7,False,direct,follow_up,fbfc5a83e0867a25,71,5,14.2
Helping Biotech companies with low email deliverability,"Good morning Russell,

Our solution has helped companies like yours overcome difficulty scaling outreach.

Many E-commerce companies struggle with difficulty scaling outreach, which often leads to frustrated teams.

Our clients typically achieve 83% better results on deliverability.

I can provide a detailed ROI analysis based on your current situation.

Would you be available for a quick chat sometime soon?

Talk soon,
Russell Salas
SwiftSystems

Ref: caa259fcfe6d4dec",Biotech,Content Strategist,473,7,False,direct,follow_up,3396bf2147ea2b99,66,5,13.2
Simplifying communication for Marketing Directors,"Dear Christopher,

I was really impressed by your recent rebranding initiative.

We've developed a unique approach to addressing spam folder issues that's helped companies achieve increased response rates.

Our clients typically achieve 49% better results on engagement.

Would a 20-minute strategy session be helpful?

If it's not the right time, I completely understand.

Sincerely,
Christopher Valdez
CloudSystems

P.S. I'm also happy to share our best practices guide if you're interested.

Ref: 20a08d13fb7ffafa",Blockchain,Marketing Director,516,8,True,direct,cold_outreach,839a01360129101f,72,8,9.0
Helping Marketing Agency companies with poor sender reputation,"Hey there Brian,

I'm reaching out because I believe we can help with difficulty scaling outreach.

Many Clean Energy companies struggle with difficulty scaling outreach, which often leads to frustrated teams.

Specifically, we've helped companies reduce difficulty scaling outreach by 71% while improving scale outreach efforts.

Would you like me to send over some relevant resources?

No pressure either way - just thought it might be relevant given your work.

Respectfully,
Brian York
TruePartners

Ref: dbc4749c3482e087",Marketing Agency,Sales Manager,525,7,False,direct,partnership,2e1765d683ce5362,76,5,15.2
Thoughts on Healthcare Tech trends,"Good afternoon Rachel,

Congratulations on the product launch - impressive work!

Teams in your position often tell us that high bounce rates is their biggest challenge.

The average customer saves 11 hours per week and sees 36% improvement in key metrics.

I'd love to show you how it works in a quick 15-minute demo.

If it's not the right time, I completely understand.

Best regards,
Rachel Fisher
DataGroup

P.S. I'm also happy to share our case study if you're interested.

Ref: 53daa2a599972f77",Healthcare Tech,Marketing Director,501,8,True,consultative,partnership,9e97a303bcae61dd,82,8,10.25
Thoughts on Manufacturing trends,"Hope all is well Thomas,

I'm reaching out because I believe we can help with inconsistent engagement.

Many Professional Services companies struggle with inconsistent engagement, which often leads to reduced productivity.

Our clients typically achieve 84% better results on engagement.

I'd love to show you how it works in a quick 15-minute demo.

Could we schedule 20 minutes this week to discuss?

Sincerely,
Thomas Mosley
ClearSolutions

Ref: 5e64c1455548bf36",Manufacturing,Head of Business Development,465,7,False,direct,follow_up,2695cda138faefa8,68,5,13.6
Way to improve reduce costs,"Trust you're doing well Travis,

Congratulations on your recent funding round - impressive work!

We help teams of your size achieve scale outreach efforts while reducing poor sender reputation by 71%.

The average customer saves 15 hours per week and sees 53% improvement in key metrics.

I'm available for a quick chat to explore if this makes sense for you.

Even if now isn't good, I'm happy to connect for future reference.

Thanks,
Travis Wright
BrightSolutions

Ref: 9e880e0a24a4e797",Real Estate Tech,Founder,490,7,False,consultative,networking,faf09bfe2c69d873,78,5,15.6
Simplifying team coordination for Founders,"Trust you're doing well Cassandra,

Your team's approach to remote team coordination is quite innovative.

I understand that managing team collaboration challenges can be time-consuming and frustrating.

The average customer saves 19 hours per week and sees 56% improvement in key metrics.

I can provide a detailed ROI analysis based on your current situation.

Are you open to exploring this further sometime soon?

Sincerely,
Cassandra Foster
SwiftPartners

P.S. Even if you're not looking right now, I'd love to stay connected for the future.

Ref: 372341362cdd632f",EdTech,Founder,569,8,True,formal,networking,72c556149246f9e6,85,8,10.625
An approach that's working for other Content Strategists,"Hope you're having a great week Michelle,

Your team's approach to remote team coordination is quite innovative.

We help teams of your size achieve expand market reach while reducing inconsistent engagement by 68%.

Our clients typically achieve 59% better results on engagement.

I'd be happy to offer a free consultation to discuss your specific needs.

Would Thursday or Thursday work for a brief introduction?

Thanks,
Michelle Mills
SwiftLabs

Ref: 8c9ea75c743c268c",Professional Services,Content Strategist,471,7,False,formal,partnership,c0516476ac0e83a9,70,5,14.0
An idea for your Partnerships Manager team,"Hope all is well Amy,

I came across your profile and was impressed by your work in SaaS.

The average customer saves half a day per week while improving team productivity.

Our clients typically achieve 41% better results on engagement.

Would you like me to send over some relevant resources?

Would Thursday or Thursday work for a brief introduction?

Respectfully,
Amy Goodwin
BrightInc

Ref: 5743f019d96c0b3d",Blockchain,Partnerships Manager,413,7,False,casual,cold_outreach,f6c8424f07d61910,65,5,13.0
An approach that's working for other Marketing Directors,"Hey Kelsey,

Kudos on the recent company anniversary - well deserved!

Our clients typically see 40% higher engagement within 2 weeks of implementation.

Our clients typically achieve 76% better results on engagement.

I can schedule a personalized demo at your convenience.

Would you be available for a quick chat this week?

Best,
Kelsey Morris
CloudTechnologies

P.S. We're currently running a free audit for qualified companies.

Ref: c11641fbf303d4e0",FinTech,Marketing Director,456,8,True,formal,cold_outreach,f9190668e3fa2d56,67,8,8.375
Question about your CEO role at Cybersecurity,"Good afternoon Miguel,

Our solution has helped companies like yours overcome high bounce rates.

Our platform specializes in helping companies solve high bounce rates through intelligent workflow optimization.

The average customer saves 9 hours per week and sees 66% improvement in key metrics.

I can provide a detailed ROI analysis based on your current situation.

Would Wednesday or Wednesday work for a brief introduction?

Warm regards,
Miguel Dominguez
SmartInc

Ref: b9a06c12f2d2f6ec",Cybersecurity,CEO,493,7,False,formal,networking,dbca95bacfc51769,71,5,14.2
Saw your work in EdTech,"Hi Sarah,

I noticed your team is facing challenges with declining response rates.

Our clients typically see 60% faster response times within the first quarter of implementation.

Our clients typically achieve 87% better results on response rates.

I'd love to show you how it works in a quick 15-minute demo.

Even if now isn't good, I'm happy to connect for future reference.

Best,
Sarah Figueroa
CloudSolutions

Ref: f9d0f5ff70f34c5e",EdTech,Content Strategist,438,7,False,formal,networking,a894c6ae32f1fba4,68,5,13.6
Thoughts on SaaS trends,"Hope all is well Jesse,

I've been following your company's growth in Professional Services.

We help growth-stage businesses achieve enhance team collaboration while reducing spam folder issues by 69%.

Our clients typically achieve 45% better results on deliverability.

I'd be happy to offer a free consultation to discuss your specific needs.

Would you be available for a quick chat next week?

Thanks,
Jesse Walsh
ClearLabs

P.S. We're currently running a pilot program for qualified companies.

Ref: 819e9107024b0430",SaaS,VP of Sales,523,8,True,direct,networking,6ab2351e17028f81,77,8,9.625
Thoughts on Consulting trends,"Hope all is well Bonnie,

Kudos on the recent industry award - well deserved!

Teams in your position often tell us that limited analytics insights is their biggest challenge.

Specifically, we've helped companies reduce limited analytics insights by 80% while improving increase reply rates.

I can provide a detailed ROI analysis based on your current situation.

If it's not the right time, I completely understand.

Thanks,
Bonnie Wilson
TrueTechnologies

Ref: 4ae5acde078b51d9",Consulting,Content Strategist,481,7,False,formal,cold_outreach,633240f3876cb590,71,5,14.2
An approach that's working for other Marketing Directors,"Trust you're doing well David,

I noticed your team is facing challenges with limited analytics insights.

I understand that managing limited analytics insights can be time-consuming and frustrating.

Specifically, we've helped companies reduce limited analytics insights by 69% while improving gain better insights.

I'd be happy to offer a free consultation to discuss your specific needs.

Would you be available for a quick chat next week?

Respectfully,
David Brown
SwiftPartners

Ref: 2c2d388ef20abf1f",Real Estate Tech,Marketing Director,507,7,False,formal,partnership,d85cc82ba9d4e8ea,72,5,14.4
Simplifying communication for VP of Saless,"Trust you're doing well Margaret,

Your recent post about team productivity caught my attention.

Many Biotech companies struggle with declining response rates, which often leads to missed opportunities.

Specifically, we've helped companies reduce declining response rates by 76% while improving reduce costs.

Would you be open to a brief walkthrough next week?

Would you be available for a quick chat this week?

Cheers,
Margaret White
TrueSystems

P.S. Even if you're not looking right now, I'd love to stay connected for the future.

Ref: 9f506696c2587cd1",E-commerce,VP of Sales,561,8,True,direct,cold_outreach,18c479485f0feb0c,84,8,10.5
Simplifying team coordination for Content Strategists,"Good morning Gail,

I came across your profile and was impressed by your work in Biotech.

We've developed a unique approach to addressing low email deliverability that's helped companies achieve significant time savings.

Our clients typically achieve 65% better results on engagement.

Would you be open to a brief walkthrough next week?

Would Tuesday or Tuesday work for a brief introduction?

All the best,
Gail Lindsey
ClearPartners

Ref: 4badee138aeb37e2",SaaS,Content Strategist,461,7,False,formal,cold_outreach,a46cc30c36ba4ffc,69,5,13.8
Quick question about Biotech,"Hey there Lisa,

I came across your profile and was impressed by your work in Real Estate Tech.

We help Real Estate Tech companies achieve expand market reach while reducing compliance concerns by 33%.

Our clients typically achieve 64% better results on response rates.

Would you like me to send over some relevant resources?

If it's not the right time, I completely understand.

Respectfully,
Lisa Powers
BrightInc

Ref: 122996c75e71dcaf",Biotech,Partnerships Manager,442,7,False,casual,cold_outreach,e9ab906eee17121e,69,5,13.8
Question about your Sales Manager role at Cybersecurity,"Hope you're having a great week Kayla,

I was really impressed by your recent content strategy.

Our clients typically see 40% higher engagement within the first quarter of implementation.

Specifically, we've helped companies reduce compliance concerns by 46% while improving expand market reach.

Would you be open to a brief walkthrough next week?

Even if now isn't good, I'm happy to connect for future reference.

Warm regards,
Kayla Stevenson
SmartTechnologies

P.S. Even if you're not looking right now, I'd love to stay connected for the future.

Ref: 0a9044854879ef3e",Cybersecurity,Sales Manager,577,8,True,casual,networking,d797b4bee06dddf7,88,8,11.0
An approach that's working for other Operations Managers,"Dear Jeffrey,

Our solution has helped companies like yours overcome difficulty scaling outreach.

We've developed a unique approach to addressing difficulty scaling outreach that's helped companies achieve increased response rates.

Specifically, we've helped companies reduce difficulty scaling outreach by 32% while improving expand market reach.

Would a 15-minute strategy session be helpful?

Are you open to exploring this further next week?

Talk soon,
Jeffrey Howard
BrightInc

Ref: 6e7d3cece523929f",Real Estate Tech,Operations Manager,508,7,False,direct,cold_outreach,ead1a4c9f22ac1f6,68,5,13.6
An idea for your Sales Manager team,"Hope all is well Tonya,

I was really impressed by your recent content strategy.

The average customer saves half a day per week while improving team productivity.

Specifically, we've helped companies reduce low email deliverability by 60% while improving reduce costs.

Would a 30-minute strategy session be helpful?

If it's not the right time, I completely understand.

All the best,
Tonya Jones
CloudGroup

P.S. We're currently running a special offer for qualified companies.

Ref: 845e917fcf5c80b4",Consulting,Sales Manager,504,8,True,formal,networking,a2e91b65794efb0c,75,8,9.375
Helping Manufacturing companies with domain authentication problems,"Hello Vanessa,

Kudos on the recent industry award - well deserved!

We've developed a unique approach to addressing limited analytics insights that's helped companies achieve increased response rates.

Our clients typically achieve 51% better results on deliverability.

I'd be happy to offer a free consultation to discuss your specific needs.

If it's not the right time, I completely understand.

All the best,
Vanessa Hall
DataPartners

P.S. Even if you're not looking right now, I'd love to stay connected for the future.

Ref: 1d9e91d9d694fbe6",Manufacturing,Product Manager,550,8,True,formal,follow_up,4560ed375be0f558,83,8,10.375
An approach that's working for other VP of Saless,"Hi there Robert,

Your recent post about team productivity caught my attention.

Our clients typically see 60% faster response times within 2 weeks of implementation.

Our clients typically achieve 41% better results on deliverability.

Would you be open to a brief walkthrough next week?

Could we schedule 15 minutes sometime soon to discuss?

Best,
Robert Mccarthy
BrightInc

Ref: ab60c57c7b05205d",Consulting,VP of Sales,400,7,False,consultative,cold_outreach,7a39a0e0b06567a5,59,5,11.8
Following up on our mutual connection,"Good morning Melissa,

Your colleague Kimberly suggested I reach out.

Our solution helps teams like yours overcome limited analytics insights by providing automated warmup cycles.

Specifically, we've helped companies reduce limited analytics insights by 36% while improving expand market reach.

I'd be happy to offer a free consultation to discuss your specific needs.

Are you open to exploring this further sometime soon?

Best,
Melissa Gilmore
SmartPartners

P.S. We're currently running a special offer for qualified companies.

Ref: ce75f97abb2d9105",Clean Energy,VP of Sales,557,8,True,casual,follow_up,ccc640093757fd3e,78,8,9.75
Simplifying communication for Product Managers,"Hey Kimberly,

I came across your profile and was impressed by your work in EdTech.

Teams in your position often tell us that limited analytics insights is their biggest challenge.

Specifically, we've helped companies reduce limited analytics insights by 58% while improving reduce costs.

I'm available for a quick chat to explore if this makes sense for you.

Would Wednesday or Wednesday work for a brief introduction?

Warm regards,
Kimberly Hardy
TruePartners

P.S. Even if you're not looking right now, I'd love to stay connected for the future.

Ref: cd5515122e004802",Healthcare Tech,Product Manager,576,8,True,direct,cold_outreach,6ab836377d880cc6,90,8,11.25
Way to improve gain better insights,"Trust you're doing well Stephen,

Congratulations on your recent funding round - impressive work!

Our platform specializes in helping companies solve declining response rates through intelligent workflow optimization.

Specifically, we've helped companies reduce declining response rates by 69% while improving save team time.

Would you like me to send over some relevant resources?

Even if now isn't good, I'm happy to connect for future reference.

Warm regards,
Stephen Stone
CloudGroup

Ref: c7542a17ac42cd98",Professional Services,Partnerships Manager,515,7,False,consultative,networking,138692b2ee836348,72,5,14.4
Thoughts on Biotech trends,"Hello Francis,

I was really impressed by your recent content strategy.

The average customer saves half a day per week while improving campaign performance.

Specifically, we've helped companies reduce low email deliverability by 59% while improving streamline workflows.

I'd be happy to offer a free consultation to discuss your specific needs.

Are you open to exploring this further this week?

Cheers,
Francis Henderson
NextLabs

Ref: 171573e60c2f0bd7",Biotech,Growth Lead,457,7,False,direct,partnership,d8a09415a9cf6de9,66,5,13.2
Saw your work in Clean Energy,"Good afternoon Jason,

I came across your profile and was impressed by your work in E-commerce.

I understand that managing limited analytics insights can be time-consuming and frustrating.

Specifically, we've helped companies reduce limited analytics insights by 71% while improving automate repetitive tasks.

Would you like me to send over some relevant resources?

No pressure either way - just thought it might be relevant given your work.

Cheers,
Jason Le
ClearGroup

Ref: 93ee947b2fc67812",Clean Energy,Head of Business Development,497,7,False,consultative,cold_outreach,9af03b7fb0e14811,73,5,14.6
Following up on our previous conversation,"Hope you're having a great week Alan,

Congratulations on your team expansion - impressive work!

I understand that managing high bounce rates can be time-consuming and frustrating.

Specifically, we've helped companies reduce high bounce rates by 52% while improving enhance team collaboration.

I can schedule a personalized demo at your convenience.

Are you open to exploring this further this week?

Respectfully,
Alan Scott
DataSolutions

Ref: 52d05a006bbfe1e1",FinTech,Growth Lead,466,7,False,consultative,partnership,d97dc98a6881799b,66,5,13.2
An approach that's working for other Marketing Directors,"Hope you're having a great week Kathleen,

Our solution has helped companies like yours overcome declining response rates.

I understand that managing declining response rates can be time-consuming and frustrating.

Specifically, we've helped companies reduce declining response rates by 37% while improving save team time.

Would you like me to send over some relevant resources?

No pressure either way - just thought it might be relevant given your work.

Warm regards,
Kathleen Fisher MD
SmartTechnologies

Ref: 9b6b8088f9c2b7dd",Cybersecurity,Marketing Director,532,7,False,direct,partnership,82e53b5857d077a8,77,5,15.4
Simplifying communication for Marketing Directors,"Hello Kevin,

I came across your profile and was impressed by your work in Healthcare Tech.

I understand that managing time-consuming manual processes can be time-consuming and frustrating.

The average customer saves 5 hours per week and sees 28% improvement in key metrics.

Would a 20-minute strategy session be helpful?

No pressure either way - just thought it might be relevant given your work.

Respectfully,
Kevin Thompson
ClearGroup

P.S. Even if you're not looking right now, I'd love to stay connected for the future.

Ref: 55f1872ed183a37c",Cybersecurity,Marketing Director,552,8,True,consultative,partnership,c199914a4f7a86ac,86,8,10.75
Simplifying outreach for Head of Business Developments,"Dear Christopher,

We met briefly at TechCrunch Disrupt and I wanted to follow up.

Our solution helps teams like yours overcome limited analytics insights by providing automated warmup cycles.

Our clients typically achieve 42% better results on response rates.

I'd love to show you how it works in a quick 20-minute demo.

Could we schedule 30 minutes sometime soon to discuss?

Thanks,
Christopher Clark
DataSystems

Ref: 282a3a40c8159ce4",Manufacturing,Head of Business Development,442,7,False,consultative,partnership,ae1f6feacff94a4e,67,5,13.4
Way to improve grow revenue,"Trust you're doing well Melissa,

Your recent post about digital transformation caught my attention.

We've developed a unique approach to addressing inconsistent engagement that's helped companies achieve significant time savings.

Our clients typically achieve 81% better results on response rates.

Would a 15-minute strategy session be helpful?

No pressure either way - just thought it might be relevant given your work.

Warm regards,
Melissa Morris
TrueLabs

Ref: e003a86127e5cd05",Consulting,CTO,487,7,False,formal,cold_outreach,1914a483f16a5cc2,68,5,13.6
Simplifying team coordination for Marketing Directors,"Hello Terry,

I noticed your team is facing challenges with inconsistent engagement.

Many Marketing Agency companies struggle with inconsistent engagement, which often leads to frustrated teams.

Our clients typically achieve 88% better results on engagement.

Would a 15-minute strategy session be helpful?

If it's not the right time, I completely understand.

Warm regards,
Terry Gross
CloudPartners

Ref: 90656f72e6c9fb46",Consulting,Marketing Director,426,7,False,formal,cold_outreach,f7a79abd035a5541,58,5,11.6
Way to improve increase reply rates,"Trust you're doing well Jacob,

I noticed your team is facing challenges with spam folder issues.

Our platform specializes in helping companies solve spam folder issues through intelligent workflow optimization.

Specifically, we've helped companies reduce spam folder issues by 68% while improving scale outreach efforts.

I'd love to show you how it works in a quick 15-minute demo.

Would you be available for a quick chat next week?

All the best,
Jacob Garcia
NextTechnologies

Ref: 16b9c5070874c2b2",SaaS,Operations Manager,505,7,False,formal,networking,2790eeb1b531b4e5,76,5,15.2
Following up on our mutual connection,"Hope you're having a great week Henry,

Your team's approach to remote team coordination is quite innovative.

Our solution helps teams like yours overcome compliance concerns by providing smart sending optimization.

Specifically, we've helped companies reduce compliance concerns by 71% while improving reduce costs.

I'd be happy to offer a free consultation to discuss your specific needs.

Would you be available for a quick chat sometime soon?

Cheers,
Henry White
ClearTechnologies

Ref: ff196dd500c87d5f",E-commerce,Digital Marketing Manager,511,7,False,consultative,follow_up,84292ce8f98f2ea6,73,5,14.6
Question about your Founder role at Professional Services,"Trust you're doing well Rhonda,

Our solution has helped companies like yours overcome inconsistent engagement.

The average customer saves half a day per week while improving deliverability rates.

The average customer saves 7 hours per week and sees 74% improvement in key metrics.

Would you be open to a brief walkthrough next week?

Are you open to exploring this further sometime soon?

Warm regards,
Rhonda Bowman
ClearSystems

P.S. We're currently running a free audit for qualified companies.

Ref: 1ef8bd9e354ba742",Professional Services,Founder,524,8,True,formal,follow_up,96e9a05b6e97497a,79,8,9.875
An approach that's working for other CEOs,"Hello Jessica,

We met briefly at TechCrunch Disrupt and I wanted to follow up.

Our clients typically see 3x more qualified leads within 30 days of implementation.

Specifically, we've helped companies reduce time-consuming manual processes by 36% while improving enhance team collaboration.

I can provide a detailed ROI analysis based on your current situation.

Even if now isn't good, I'm happy to connect for future reference.

Cheers,
Jessica Rowe
DataSystems

Ref: 5a7b8cbfb63f8b07",Professional Services,CEO,489,7,False,direct,cold_outreach,df0986f98a7fd22b,72,5,14.4
Way to improve gain better insights,"Good afternoon John,

I noticed your team is facing challenges with high bounce rates.

The average customer saves half a day per week while improving deliverability rates.

The average customer saves 13 hours per week and sees 36% improvement in key metrics.

Would a 30-minute strategy session be helpful?

If it's not the right time, I completely understand.

Cheers,
John Hunt
SwiftGroup

P.S. Even if you're not looking right now, I'd love to stay connected for the future.

Ref: 0fb5e69b8161cfc8",FinTech,CTO,501,8,True,formal,partnership,b0a098ab9e911fed,80,8,10.0
Thoughts on E-commerce trends,"Dear Justin,

Congratulations on your team expansion - impressive work!

Our clients typically see 60% faster response times within 2 weeks of implementation.

The average customer saves 7 hours per week and sees 25% improvement in key metrics.

I'd love to show you how it works in a quick 15-minute demo.

Even if now isn't good, I'm happy to connect for future reference.

Cheers,
Justin Ross
BrightPartners

Ref: 70ca2f76e2c5f613",E-commerce,Operations Manager,433,7,False,formal,cold_outreach,3aa1d6ecff20769c,69,5,13.8
Thoughts on Cybersecurity trends,"Good afternoon Patricia,

I've been following your company's growth in Clean Energy.

We've developed a unique approach to addressing difficulty scaling outreach that's helped companies achieve significant time savings.

The average customer saves 13 hours per week and sees 63% improvement in key metrics.

I'd be happy to offer a free consultation to discuss your specific needs.

No pressure either way - just thought it might be relevant given your work.

All the best,
Patricia Cuevas
ClearPartners

Ref: 9f925c41eb49578c",Cybersecurity,Operations Manager,526,7,False,direct,cold_outreach,748f2d607f38a44d,79,5,15.8
Helping Clean Energy companies with inconsistent engagement,"Hope you're having a great week Stephanie,

Kudos on the recent user milestone - well deserved!

Many Biotech companies struggle with inconsistent engagement, which often leads to frustrated teams.

The average customer saves 10 hours per week and sees 48% improvement in key metrics.

Would a 15-minute strategy session be helpful?

If it's not the right time, I completely understand.

Respectfully,
Stephanie Klein
DataSolutions

Ref: 9a175490012664b0",Clean Energy,Digital Marketing Manager,454,7,False,consultative,cold_outreach,6b661c5013c2b99c,66,5,13.2
Simplifying communication for Partnerships Managers,"Good morning Belinda,

I'm reaching out because I believe we can help with limited analytics insights.

We help teams of your size achieve streamline workflows while reducing limited analytics insights by 34%.

Specifically, we've helped companies reduce limited analytics insights by 74% while improving streamline workflows.

I'm happy to share a case study from a similar company in your industry.

Could we schedule 15 minutes sometime soon to discuss?

Warm regards,
Belinda Murillo
BrightLabs

P.S. I'm also happy to share our case study if you're interested.

Ref: 42d1ef87edd5508a",Real Estate Tech,Partnerships Manager,588,8,True,consultative,networking,bb32f91f286e606c,88,8,11.0
Saw your work in Clean Energy,"Hi Mark,

Your colleague Rebecca suggested I reach out.

The average customer saves 5-10 hours per week while improving campaign performance.

The average customer saves 9 hours per week and sees 34% improvement in key metrics.

I can provide a detailed ROI analysis based on your current situation.

Are you open to exploring this further this week?

Cheers,
Mark Montes
SmartInc

Ref: ec53708ad2901f81",Clean Energy,CEO,403,7,False,casual,partnership,655f0b1e0569e273,63,5,12.6
Following up on our previous conversation,"Hey Cameron,

Kudos on the recent industry award - well deserved!

Our platform specializes in helping companies solve high bounce rates through intelligent workflow optimization.

Our clients typically achieve 53% better results on engagement.

I'd be happy to offer a free consultation to discuss your specific needs.

Could we schedule 20 minutes this week to discuss?

Best regards,
Cameron Gibson
ClearSystems

Ref: b35a64174d1788dd",Cybersecurity,Product Manager,437,7,False,casual,partnership,0a2218450006d5d6,63,5,12.6
Question about your CEO role at E-commerce,"Good afternoon Ian,

I was really impressed by your recent content strategy.

Teams in your position often tell us that declining response rates is their biggest challenge.

Our clients typically achieve 42% better results on deliverability.

I can provide a detailed ROI analysis based on your current situation.

If it's not the right time, I completely understand.

Talk soon,
Ian Howe
SmartTechnologies

Ref: 79f90fac2c7e4f2a",E-commerce,CEO,429,7,False,casual,follow_up,b60e2574008770e1,64,5,12.8
An approach that's working for other CEOs,"Hope all is well Heather,

I noticed your team is facing challenges with team collaboration challenges.

Our platform specializes in helping companies solve team collaboration challenges through intelligent workflow optimization.

Our clients typically achieve 75% better results on engagement.

Would you be open to a brief walkthrough next week?

Are you open to exploring this further this week?

Talk soon,
Heather Evans
CloudSystems

Ref: 930ed1210a8cb240",E-commerce,CEO,460,7,False,consultative,follow_up,8aa2337e7d7f7c4d,65,5,13.0
An approach that's working for other Sales Managers,"Dear Rodney,

We met briefly at Dreamforce and I wanted to follow up.

We've developed a unique approach to addressing poor sender reputation that's helped companies achieve increased response rates.

Our clients typically achieve 85% better results on response rates.

I'd love to show you how it works in a quick 30-minute demo.

If it's not the right time, I completely understand.

Warm regards,
Rodney Figueroa
TrueGroup

Ref: d769ac6000cbd783",FinTech,Sales Manager,448,7,False,consultative,cold_outreach,77786db212352057,69,5,13.8
Simplifying communication for Partnerships Managers,"Dear Tammy,

I'm reaching out because I believe we can help with poor sender reputation.

Our platform specializes in helping companies solve poor sender reputation through predictive analytics.

Specifically, we've helped companies reduce poor sender reputation by 72% while improving expand market reach.

Would a 30-minute strategy session be helpful?

Could we schedule 20 minutes next week to discuss?

Thanks,
Tammy Soto
SmartInc

Ref: 3659eb47cb85c768",E-commerce,Partnerships Manager,458,7,False,casual,follow_up,1d6c9827498fe8c3,65,5,13.0
Question about your Sales Manager role at Blockchain,"Trust you're doing well Anna,

We met briefly at TechCrunch Disrupt and I wanted to follow up.

We help growth-stage businesses achieve scale outreach efforts while reducing spam folder issues by 55%.

Our clients typically achieve 71% better results on response rates.

I'd be happy to offer a free consultation to discuss your specific needs.

Would you be available for a quick chat next week?

Best,
Anna Brown
CloudSystems

Ref: 5ba3cab8214f7494",Blockchain,Sales Manager,450,7,False,casual,cold_outreach,1366c9f616e94879,71,5,14.2
Simplifying communication for Founders,"Good afternoon Carrie,

Your team's approach to customer acquisition is quite innovative.

Our platform specializes in helping companies solve inconsistent engagement through AI-powered automation.

Our clients typically achieve 70% better results on engagement.

I'm happy to share a case study from a similar company in your industry.

Even if now isn't good, I'm happy to connect for future reference.

Talk soon,
Carrie Gross
TrueGroup

Ref: 083df1c1c0015210",SaaS,Founder,462,7,False,casual,partnership,435a03586ea7d806,66,5,13.2
Saw your work in Real Estate Tech,"Trust you're doing well Robert,

I noticed your team is facing challenges with inconsistent engagement.

We help E-commerce companies achieve enhance team collaboration while reducing inconsistent engagement by 74%.

Specifically, we've helped companies reduce inconsistent engagement by 75% while improving enhance team collaboration.

I'm available for a quick chat to explore if this makes sense for you.

Would Thursday or Thursday work for a brief introduction?

Cheers,
Robert Hill
BrightInc

Ref: be6fbc7a1983bf0e",Real Estate Tech,Content Strategist,520,7,False,formal,cold_outreach,b447c5b135370989,72,5,14.4
An idea for your VP of Sales team,"Hello Stephanie,

I came across your profile and was impressed by your work in Healthcare Tech.

We've developed a unique approach to addressing poor sender reputation that's helped companies achieve significant time savings.

The average customer saves 7 hours per week and sees 39% improvement in key metrics.

I'm available for a quick chat to explore if this makes sense for you.

Even if now isn't good, I'm happy to connect for future reference.

Respectfully,
Stephanie Richardson
DataPartners

Ref: eb1a1317a6ebfafe",Marketing Agency,VP of Sales,523,7,False,direct,follow_up,2b02ee347f26f33b,80,5,16.0
Simplifying outreach for CTOs,"Good morning Shawn,

I noticed your team is facing challenges with low email deliverability.

Our clients typically see 40% higher engagement within 30 days of implementation.

Our clients typically achieve 73% better results on response rates.

I'm happy to share a case study from a similar company in your industry.

Could we schedule 15 minutes next week to discuss?

Talk soon,
Shawn Henry
ClearPartners

Ref: cf1942c11f1c889c",Healthcare Tech,CTO,431,7,False,formal,cold_outreach,e382455705ba9d28,66,5,13.2
Thoughts on Clean Energy trends,"Hi Daniel,

We met briefly at TechCrunch Disrupt and I wanted to follow up.

Our clients typically see 40% higher engagement within the first quarter of implementation.

The average customer saves 15 hours per week and sees 57% improvement in key metrics.

Would a 30-minute strategy session be helpful?

Would Tuesday or Tuesday work for a brief introduction?

Talk soon,
Daniel Wilson
SmartLabs

Ref: 1be02d350ccd79e4",Clean Energy,Content Strategist,419,7,False,consultative,partnership,a8680e786fc6775c,65,5,13.0
An approach that's working for other Partnerships Managers,"Hello Kristen,

I was really impressed by your recent content strategy.

Teams in your position often tell us that compliance concerns is their biggest challenge.

The average customer saves 7 hours per week and sees 37% improvement in key metrics.

I'd love to show you how it works in a quick 15-minute demo.

Would Wednesday or Wednesday work for a brief introduction?

Warm regards,
Kristen Pham
SmartSolutions

Ref: 48a61b8fcb262f38",Healthcare Tech,Partnerships Manager,437,7,False,direct,networking,274b80acc41ff123,69,5,13.8
Thoughts on Clean Energy trends,"Hope you're having a great week Michael,

Your colleague William suggested I reach out.

Many Professional Services companies struggle with compliance concerns, which often leads to frustrated teams.

Our clients typically achieve 78% better results on engagement.

I'm available for a quick chat to explore if this makes sense for you.

If it's not the right time, I completely understand.

Best regards,
Michael Powers
SmartLabs

P.S. Even if you're not looking right now, I'd love to stay connected for the future.

Ref: 37831b767ffef1fb",Clean Energy,VP of Sales,540,8,True,consultative,networking,7f3cbe88489de3f0,83,8,10.375
Following up on our mutual connection,"Good morning Amy,

I was really impressed by your recent rebranding initiative.

Many Cybersecurity companies struggle with inconsistent engagement, which often leads to frustrated teams.

Our clients typically achieve 56% better results on engagement.

I'm happy to share a case study from a similar company in your industry.

If it's not the right time, I completely understand.

Warm regards,
Amy Tate
BrightInc

P.S. We're currently running a pilot program for qualified companies.

Ref: 95ec8d697905ed84",Real Estate Tech,Partnerships Manager,508,8,True,formal,networking,bf66ec654bca0ab2,74,8,9.25
Thoughts on Real Estate Tech trends,"Hope you're having a great week Carlos,

Your colleague Charles suggested I reach out.

Our solution helps teams like yours overcome team collaboration challenges by providing real-time analytics.

Our clients typically achieve 52% better results on engagement.

I'm happy to share a case study from a similar company in your industry.

If it's not the right time, I completely understand.

Best regards,
Carlos Delgado
SmartPartners

Ref: fd6c5641cf845a0b",Real Estate Tech,Growth Lead,456,7,False,casual,follow_up,f14a9e6c2618a92c,67,5,13.4
Way to improve save team time,"Good afternoon Steven,

Your colleague Katherine suggested I reach out.

Our solution helps teams like yours overcome compliance concerns by providing smart sending optimization.

Specifically, we've helped companies reduce compliance concerns by 45% while improving automate repetitive tasks.

I'm happy to share a case study from a similar company in your industry.

Are you open to exploring this further this week?

Thanks,
Steven White
BrightTechnologies

Ref: e89a8580e16b0928",AI/ML,CEO,482,7,False,casual,partnership,da5de1d558fb45fd,67,5,13.4
Following up on our recent interaction,"Good morning Derek,

I noticed your team is facing challenges with difficulty scaling outreach.

Teams in your position often tell us that difficulty scaling outreach is their biggest challenge.

Our clients typically achieve 51% better results on engagement.

Would you like me to send over some relevant resources?

If it's not the right time, I completely understand.

Talk soon,
Derek Serrano
TrueSolutions

Ref: a08de06ee83881c1",SaaS,Digital Marketing Manager,433,7,False,consultative,cold_outreach,3484a062ec23e97c,64,5,12.8
Quick question about E-commerce,"Hey there Bill,

Our solution has helped companies like yours overcome compliance concerns.

Many EdTech companies struggle with compliance concerns, which often leads to frustrated teams.

Our clients typically achieve 74% better results on deliverability.

Would a 30-minute strategy session be helpful?

Could we schedule 30 minutes sometime soon to discuss?

Sincerely,
Bill Miller
BrightPartners

Ref: 2c1260c7c81e8436",E-commerce,Content Strategist,423,7,False,direct,follow_up,09fc696415020ba3,57,5,11.4
Quick question about Cybersecurity,"Hello Janice,

We met briefly at SaaStr Annual and I wanted to follow up.

Many Clean Energy companies struggle with difficulty scaling outreach, which often leads to reduced productivity.

Specifically, we've helped companies reduce difficulty scaling outreach by 72% while improving grow revenue.

Would you be open to a brief walkthrough next week?

Would you be available for a quick chat this week?

Respectfully,
Janice Craig
SmartGroup

P.S. Even if you're not looking right now, I'd love to stay connected for the future.

Ref: adfcbad6af5b65bf",Cybersecurity,VP of Sales,552,8,True,direct,partnership,80cc4b91e6e2ccf5,85,8,10.625
Way to improve save team time,"Trust you're doing well Katie,

Kudos on the recent company anniversary - well deserved!

Our clients typically see 40% higher engagement within 30 days of implementation.

Specifically, we've helped companies reduce compliance concerns by 64% while improving grow revenue.

I'm happy to share a case study from a similar company in your industry.

If it's not the right time, I completely understand.

Cheers,
Katie Wyatt
BrightPartners

Ref: 67545cdd634a113c",Healthcare Tech,Sales Manager,460,7,False,direct,networking,44ce6ce851deab23,68,5,13.6
An approach that's working for other Head of Business Developments,"Good morning Steven,

Your team's approach to scaling operations is quite innovative.

Many Biotech companies struggle with time-consuming manual processes, which often leads to reduced productivity.

The average customer saves 18 hours per week and sees 55% improvement in key metrics.

I'd be happy to offer a free consultation to discuss your specific needs.

Are you open to exploring this further this week?

Cheers,
Steven Johnson
NextSystems

Ref: fc541a3d36b8c525",Blockchain,Head of Business Development,471,7,False,consultative,cold_outreach,c8a49976de774586,69,5,13.8
Thoughts on AI/ML trends,"Trust you're doing well David,

I'm reaching out because I believe we can help with limited analytics insights.

Our platform specializes in helping companies solve limited analytics insights through predictive analytics.

Our clients typically achieve 40% better results on response rates.

I'd be happy to offer a free consultation to discuss your specific needs.

Are you open to exploring this further next week?

Sincerely,
David Butler
SmartTechnologies

Ref: b106ca2403ccbab6",AI/ML,CEO,482,7,False,formal,follow_up,cd059f5de5648a1f,69,5,13.8
Simplifying communication for Sales Managers,"Hi Rachel,

Kudos on the recent user milestone - well deserved!

The average customer saves 5-10 hours per week while improving campaign performance.

Specifically, we've helped companies reduce poor sender reputation by 67% while improving scale outreach efforts.

Would you be open to a brief walkthrough next week?

If it's not the right time, I completely understand.

Thanks,
Rachel Holmes
BrightSystems

P.S. Even if you're not looking right now, I'd love to stay connected for the future.

Ref: 4c1fac395b510c7b",Real Estate Tech,Sales Manager,518,8,True,casual,follow_up,313d45454fd11ed0,79,8,9.875
Thoughts on Manufacturing trends,"Hope all is well Ashley,

I've been following your company's growth in Manufacturing.

Our clients typically see 3x more qualified leads within the first quarter of implementation.

Our clients typically achieve 84% better results on engagement.

I can schedule a personalized demo at your convenience.

Could we schedule 15 minutes this week to discuss?

Respectfully,
Ashley Vaughn
SmartLabs

Ref: c0065ef0ec8a7a37",Manufacturing,Head of Business Development,416,7,False,direct,networking,e9122893e966c98e,60,5,12.0
Question about your Sales Manager role at Professional Services,"Hope you're having a great week Jason,

I noticed your team is facing challenges with domain authentication problems.

We've developed a unique approach to addressing domain authentication problems that's helped companies achieve better inbox placement.

Our clients typically achieve 52% better results on deliverability.

Would you be open to a brief walkthrough next week?

Would Thursday or Thursday work for a brief introduction?

Best,
Jason Patel
SwiftPartners

Ref: ad40d558bdc1d61d",Professional Services,Sales Manager,490,7,False,casual,partnership,76a3c14a3a00c3a7,69,5,13.8
Quick question about Biotech,"Hope all is well Stephen,

We met briefly at Dreamforce and I wanted to follow up.

We've developed a unique approach to addressing high bounce rates that's helped companies achieve significant time savings.

Specifically, we've helped companies reduce high bounce rates by 51% while improving automate repetitive tasks.

Would you be open to a brief walkthrough next week?

Are you open to exploring this further sometime soon?

Cheers,
Stephen Mckay
SwiftSystems

Ref: 16578725d1d163b4",Biotech,Operations Manager,487,7,False,formal,follow_up,bae877e067191965,73,5,14.6
Helping Biotech companies with difficulty scaling outreach,"Hey Leslie,

I was really impressed by your recent rebranding initiative.

Our platform specializes in helping companies solve team collaboration challenges through predictive analytics.

The average customer saves 9 hours per week and sees 43% improvement in key metrics.

I'd love to show you how it works in a quick 30-minute demo.

No pressure either way - just thought it might be relevant given your work.

Best regards,
Leslie Bailey
SmartSystems

P.S. I'm also happy to share our case study if you're interested.

Ref: 56affbcc0d94e8af",Biotech,Head of Business Development,543,8,True,consultative,follow_up,e0254fa8ca13a69b,85,8,10.625
Helping Consulting companies with time-consuming manual processes,"Hi there Jason,

Your team's approach to customer acquisition is quite innovative.

Our platform specializes in helping companies solve poor sender reputation through predictive analytics.

The average customer saves 17 hours per week and sees 45% improvement in key metrics.

I'm available for a quick chat to explore if this makes sense for you.

No pressure either way - just thought it might be relevant given your work.

Cheers,
Jason Smith
TruePartners

Ref: 5c60ac6fee860740",Consulting,Partnerships Manager,481,7,False,formal,networking,c0f11bc581d3090f,74,5,14.8
An approach that's working for other Marketing Directors,"Hey Jacob,

Your team's approach to customer acquisition is quite innovative.

Our clients typically see 60% faster response times within 30 days of implementation.

Specifically, we've helped companies reduce poor sender reputation by 74% while improving build better sender reputation.

I'd be happy to offer a free consultation to discuss your specific needs.

Would Tuesday or Tuesday work for a brief introduction?

Talk soon,
Jacob Long
SwiftSystems

Ref: b66ff73cedc92daf",Manufacturing,Marketing Director,478,7,False,formal,follow_up,de8a784befe122a5,69,5,13.8
Way to improve enhance team collaboration,"Hope all is well Melanie,

We met briefly at Dreamforce and I wanted to follow up.

Our solution helps teams like yours overcome compliance concerns by providing smart sending optimization.

The average customer saves 6 hours per week and sees 61% improvement in key metrics.

Would you like me to send over some relevant resources?

If it's not the right time, I completely understand.

Best regards,
Melanie Martinez
DataSystems

P.S. I'm also happy to share our best practices guide if you're interested.

Ref: 4bf326bdca190227",Healthcare Tech,CTO,530,8,True,consultative,cold_outreach,b62bc86c34d8fec5,84,8,10.5
Way to improve streamline workflows,"Hey there Theresa,

We met briefly at TechCrunch Disrupt and I wanted to follow up.

We help teams of your size achieve increase reply rates while reducing poor sender reputation by 66%.

The average customer saves 13 hours per week and sees 40% improvement in key metrics.

Would you be open to a brief walkthrough next week?

Even if now isn't good, I'm happy to connect for future reference.

Warm regards,
Theresa Anderson
ClearTechnologies

P.S. We're currently running a special offer for qualified companies.

Ref: 041e9e6f7aa12d9b",SaaS,Head of Business Development,538,8,True,casual,networking,1955e8cbe9cc373a,86,8,10.75
Question about your Sales Manager role at Biotech,"Hi Brandi,

Your team's approach to customer acquisition is quite innovative.

Our clients typically see 3x more qualified leads within 30 days of implementation.

Specifically, we've helped companies reduce low email deliverability by 34% while improving gain better insights.

Would a 30-minute strategy session be helpful?

No pressure either way - just thought it might be relevant given your work.

Sincerely,
Brandi King
SwiftSolutions

Ref: 59cf1c83b05d5afe",Biotech,Sales Manager,464,7,False,formal,cold_outreach,046ae2850bb5a677,66,5,13.2
An idea for your VP of Sales team,"Hi Nicole,

Your recent post about team productivity caught my attention.

Teams in your position often tell us that inconsistent engagement is their biggest challenge.

Specifically, we've helped companies reduce inconsistent engagement by 76% while improving scale outreach efforts.

Would you like me to send over some relevant resources?

Would you be available for a quick chat this week?

Cheers,
Nicole Hernandez
TrueLabs

Ref: 075d7effc772214e",Clean Energy,VP of Sales,451,7,False,formal,networking,b76ccff623f7f795,65,5,13.0
Following up on our mutual connection,"Hope all is well Robert,

Congratulations on your team expansion - impressive work!

We help teams of your size achieve automate repetitive tasks while reducing limited analytics insights by 49%.

Our clients typically achieve 85% better results on deliverability.

I can provide a detailed ROI analysis based on your current situation.

If it's not the right time, I completely understand.

Warm regards,
Robert Alvarez
TrueTechnologies

Ref: cdf32cfea580dd88",Blockchain,Product Manager,460,7,False,consultative,partnership,6f362af0d49347a5,67,5,13.4
Quick question about Biotech,"Hi there Ryan,

I've been following your company's growth in AI/ML.

We help AI/ML companies achieve streamline workflows while reducing high bounce rates by 45%.

The average customer saves 9 hours per week and sees 66% improvement in key metrics.

I can provide a detailed ROI analysis based on your current situation.

Could we schedule 15 minutes sometime soon to discuss?

Talk soon,
Ryan Williams
SwiftSolutions

P.S. I'm also happy to share our best practices guide if you're interested.

Ref: 77e598268faa63c1",Biotech,Digital Marketing Manager,517,8,True,casual,networking,c88190eecfc521f3,81,8,10.125
Simplifying communication for Founders,"Good afternoon Lisa,

I'm reaching out because I believe we can help with compliance concerns.

Many Professional Services companies struggle with compliance concerns, which often leads to missed opportunities.

The average customer saves 8 hours per week and sees 50% improvement in key metrics.

I'm available for a quick chat to explore if this makes sense for you.

If it's not the right time, I completely understand.

Cheers,
Lisa White
TrueSolutions

Ref: f11b76f12a02aebf",E-commerce,Founder,479,7,False,direct,cold_outreach,23fb083472b598ff,73,5,14.6
An approach that's working for other VP of Saless,"Hello Michael,

I noticed your team is facing challenges with poor sender reputation.

Our platform specializes in helping companies solve poor sender reputation through predictive analytics.

Our clients typically achieve 72% better results on response rates.

I'd be happy to offer a free consultation to discuss your specific needs.

Even if now isn't good, I'm happy to connect for future reference.

Cheers,
Michael Lewis
SmartSolutions

P.S. I'm also happy to share our industry report if you're interested.

Ref: 6d7d7a2a62016b9f",EdTech,VP of Sales,536,8,True,formal,cold_outreach,6bf922e407b01433,79,8,9.875
Question about your Marketing Director role at FinTech,"Hey there Donald,

Kudos on the recent company anniversary - well deserved!

We help AI/ML companies achieve improve email performance while reducing time-consuming manual processes by 55%.

The average customer saves 13 hours per week and sees 62% improvement in key metrics.

I can schedule a personalized demo at your convenience.

Even if now isn't good, I'm happy to connect for future reference.

Talk soon,
Donald Castro
SwiftInc

Ref: 9e0ec3f0375758f0",FinTech,Marketing Director,459,7,False,formal,cold_outreach,c371de43696ec5d5,70,5,14.0
